"DESCRIPTION","DURATION IN MS","NAME","PARENT SUITE","START TIME","STATUS","STOP TIME","SUB SUITE","SUITE","TEST CLASS","TEST METHOD"
"","147","GET /booking/:id returns the created booking","API","2026-10-04","passed","2026-10-04","Restful Booker REST API","api/restful-booker.spec.ts","",""
"","971","rejects wrong password","End-to-End (UI)","2026-10-04","passed","2026-10-04","SauceDemo login","e2e/login.spec.ts","",""
"","921","rejects missing password","End-to-End (UI)","2026-10-04","passed","2026-10-04","SauceDemo login","e2e/login.spec.ts","",""
"","122","returns an error for an invalid query (negative)","GraphQL API","2026-10-04","passed","2026-10-04","Countries GraphQL API","api/countries.graphql.spec.ts","",""
"","103","returns all seven continents","GraphQL API","2026-10-04","passed","2026-10-04","Countries GraphQL API","api/countries.graphql.spec.ts","",""
"","1121","completes a purchase of two items","End-to-End (UI)","2026-10-04","passed","2026-10-04","SauceDemo checkout (authenticated)","e2e/checkout.spec.ts","",""
"","87","GET /booking/:id is 404 after deletion (negative)","API","2026-10-04","passed","2026-10-04","Restful Booker REST API","api/restful-booker.spec.ts","",""
"","1210","rejects missing username","End-to-End (UI)","2026-10-04","passed","2026-10-04","SauceDemo login","e2e/login.spec.ts","",""
"","106","DELETE /booking/:id removes the booking","API","2026-10-04","passed","2026-10-04","Restful Booker REST API","api/restful-booker.spec.ts","",""
"","133","returns all seven continents","GraphQL API","2026-10-04","passed","2026-10-04","Countries GraphQL API","api/countries.graphql.spec.ts","",""
"","1663","TodoMVC has no critical WCAG violations","Accessibility","2026-10-04","passed","2026-10-04","Accessibility @regression","a11y/accessibility.spec.ts","",""
"","55","DELETE /booking/:id removes the booking","API","2026-10-04","passed","2026-10-04","Restful Booker REST API","api/restful-booker.spec.ts","",""
"","1434","rejects locked-out user","End-to-End (UI)","2026-10-04","passed","2026-10-04","SauceDemo login","e2e/login.spec.ts","",""
"","6","locks the account after repeated failed logins","End-to-End (UI)","2026-10-04","skipped","2026-10-04","SauceDemo login","e2e/login.spec.ts","",""
"","1827","authenticate as standard_user","setup-firefox","2026-10-04","passed","2026-10-04","","e2e/auth.setup.ts","",""
"","541","rejects wrong password","End-to-End (UI)","2026-10-04","passed","2026-10-04","SauceDemo login","e2e/login.spec.ts","",""
"","299","queries a country by code with variables","GraphQL API","2026-10-04","passed","2026-10-04","Countries GraphQL API","api/countries.graphql.spec.ts","",""
"","46","GET /booking/:id returns the created booking","API","2026-10-04","passed","2026-10-04","Restful Booker REST API","api/restful-booker.spec.ts","",""
"","2996","completes a purchase of two items","End-to-End (UI)","2026-10-04","passed","2026-10-04","SauceDemo checkout (authenticated)","e2e/checkout.spec.ts","",""
"","690","home page loads with hero call-to-action","Web UI","2026-10-04","passed","2026-10-04","playwright.dev","web/playwright-site.spec.ts","",""
"","979","rejects missing username","End-to-End (UI)","2026-10-04","passed","2026-10-04","SauceDemo login","e2e/login.spec.ts","",""
"","3197","completes a purchase of two items","End-to-End (UI)","2026-10-04","passed","2026-10-04","SauceDemo checkout (authenticated)","e2e/checkout.spec.ts","",""
"","334","queries a country by code with variables","GraphQL API","2026-10-04","passed","2026-10-04","Countries GraphQL API","api/countries.graphql.spec.ts","",""
"","1681","authenticate as standard_user","setup-webkit","2026-10-04","passed","2026-10-04","","e2e/auth.setup.ts","",""
"","6","locks the account after repeated failed logins","End-to-End (UI)","2026-10-04","skipped","2026-10-04","SauceDemo login","e2e/login.spec.ts","",""
"","68","POST /auth returns a token","API","2026-10-04","passed","2026-10-04","Restful Booker REST API","api/restful-booker.spec.ts","",""
"","51","PUT /booking/:id updates the booking","API","2026-10-04","passed","2026-10-04","Restful Booker REST API","api/restful-booker.spec.ts","",""
"","59","PUT /booking/:id updates the booking","API","2026-10-04","passed","2026-10-04","Restful Booker REST API","api/restful-booker.spec.ts","",""
"","5","PATCH /booking applies a partial update","API","2026-10-04","skipped","2026-10-04","Restful Booker REST API","api/restful-booker.spec.ts","",""
"","758","navigates to the Docs intro page","Web UI","2026-10-04","passed","2026-10-04","playwright.dev","web/playwright-site.spec.ts","",""
"","1191","valid credentials reach the inventory","End-to-End (UI)","2026-10-04","passed","2026-10-04","SauceDemo login","e2e/login.spec.ts","",""
"","1294","home page loads with hero call-to-action","Web UI","2026-10-04","passed","2026-10-04","playwright.dev","web/playwright-site.spec.ts","",""
"","2299","TodoMVC has no critical WCAG violations","Accessibility","2026-10-04","passed","2026-10-04","Accessibility @regression","a11y/accessibility.spec.ts","",""
"","564","rejects missing username","End-to-End (UI)","2026-10-04","passed","2026-10-04","SauceDemo login","e2e/login.spec.ts","",""
"","1005","rejects locked-out user","End-to-End (UI)","2026-10-04","passed","2026-10-04","SauceDemo login","e2e/login.spec.ts","",""
"","54","GET /booking/:id returns the created booking","API","2026-10-04","passed","2026-10-04","Restful Booker REST API","api/restful-booker.spec.ts","",""
"","4","PATCH /booking applies a partial update","API","2026-10-04","skipped","2026-10-04","Restful Booker REST API","api/restful-booker.spec.ts","",""
"","59","POST /booking creates a booking","API","2026-10-04","passed","2026-10-04","Restful Booker REST API","api/restful-booker.spec.ts","",""
"","2876","TodoMVC has no critical WCAG violations","Accessibility","2026-10-04","passed","2026-10-04","Accessibility @regression","a11y/accessibility.spec.ts","",""
"","77","returns all seven continents","GraphQL API","2026-10-04","passed","2026-10-04","Countries GraphQL API","api/countries.graphql.spec.ts","",""
"","42","GET /booking/:id is 404 after deletion (negative)","API","2026-10-04","passed","2026-10-04","Restful Booker REST API","api/restful-booker.spec.ts","",""
"","1202","rejects missing password","End-to-End (UI)","2026-10-04","passed","2026-10-04","SauceDemo login","e2e/login.spec.ts","",""
"","152","POST /booking creates a booking","API","2026-10-04","passed","2026-10-04","Restful Booker REST API","api/restful-booker.spec.ts","",""
"","50","DELETE /booking/:id removes the booking","API","2026-10-04","passed","2026-10-04","Restful Booker REST API","api/restful-booker.spec.ts","",""
"","8","locks the account after repeated failed logins","End-to-End (UI)","2026-10-04","skipped","2026-10-04","SauceDemo login","e2e/login.spec.ts","",""
"","1315","rejects wrong password","End-to-End (UI)","2026-10-04","passed","2026-10-04","SauceDemo login","e2e/login.spec.ts","",""
"","272","returns an error for an invalid query (negative)","GraphQL API","2026-10-04","passed","2026-10-04","Countries GraphQL API","api/countries.graphql.spec.ts","",""
"","1785","valid credentials reach the inventory","End-to-End (UI)","2026-10-04","passed","2026-10-04","SauceDemo login","e2e/login.spec.ts","",""
"","760","valid credentials reach the inventory","End-to-End (UI)","2026-10-04","passed","2026-10-04","SauceDemo login","e2e/login.spec.ts","",""
"","3172","navigates to the Docs intro page","Web UI","2026-10-04","passed","2026-10-04","playwright.dev","web/playwright-site.spec.ts","",""
"","76","POST /auth returns a token","API","2026-10-04","passed","2026-10-04","Restful Booker REST API","api/restful-booker.spec.ts","",""
"","116","returns an error for an invalid query (negative)","GraphQL API","2026-10-04","passed","2026-10-04","Countries GraphQL API","api/countries.graphql.spec.ts","",""
"","965","home page loads with hero call-to-action","Web UI","2026-10-04","passed","2026-10-04","playwright.dev","web/playwright-site.spec.ts","",""
"","604","authenticate as standard_user","setup-chromium","2026-10-04","passed","2026-10-04","","e2e/auth.setup.ts","",""
"","60","GET /booking/:id is 404 after deletion (negative)","API","2026-10-04","passed","2026-10-04","Restful Booker REST API","api/restful-booker.spec.ts","",""
"","8","PATCH /booking applies a partial update","API","2026-10-04","skipped","2026-10-04","Restful Booker REST API","api/restful-booker.spec.ts","",""
"","516","rejects locked-out user","End-to-End (UI)","2026-10-04","passed","2026-10-04","SauceDemo login","e2e/login.spec.ts","",""
"","211","POST /auth returns a token","API","2026-10-04","passed","2026-10-04","Restful Booker REST API","api/restful-booker.spec.ts","",""
"","1361","navigates to the Docs intro page","Web UI","2026-10-04","passed","2026-10-04","playwright.dev","web/playwright-site.spec.ts","",""
"","53","POST /booking creates a booking","API","2026-10-04","passed","2026-10-04","Restful Booker REST API","api/restful-booker.spec.ts","",""
"","512","rejects missing password","End-to-End (UI)","2026-10-04","passed","2026-10-04","SauceDemo login","e2e/login.spec.ts","",""
"","120","PUT /booking/:id updates the booking","API","2026-10-04","passed","2026-10-04","Restful Booker REST API","api/restful-booker.spec.ts","",""
"","373","queries a country by code with variables","GraphQL API","2026-10-04","passed","2026-10-04","Countries GraphQL API","api/countries.graphql.spec.ts","",""
